Name_Virture,Name_Pool ,Destination,Protocol,Profiles
vs_bip_9091,pool_bip_9091,10.8.17.31:xmltec-xmlmail,tcp,esbL4
vs_esbapp_38080,pool_esbapp_38080,10.8.16.9:38080,tcp,esbL4
vs_esbapp_38081,pool_esbapp_38081,10.8.16.9:38081,tcp,esbL4
vs_esbapp_38082,pool_esbapp_38082,10.8.16.9:38082,tcp,esbL4
vs_esbapp_38090,pool_esbapp_38090,10.8.16.9:38090,tcp,esbL4
vs_esbapp_38093,pool_esbapp_38093,10.8.16.9:38093,tcp,fastL4
vs_esbapp_39001,pool_esbapp_39001,10.8.16.9:39001,tcp,esbL4
vs_esbapp_39002,pool_esbapp_39002,10.8.16.9:39002,tcp,esbL4
vs_esbapp_39003,pool_esbapp_39003,10.8.16.9:39003,tcp,esbL4
vs_esbapp_39004,pool_esbapp_39004,10.8.16.9:39004,tcp,esbL4
vs_esbapp_39005,pool_esbapp_39005,10.8.16.9:39005,tcp,esbL4
vs_esbapp_39006,pool_esbapp_39006,10.8.16.9:39006,tcp,esbL4
vs_esbapp_39007,pool_esbapp_39007,10.8.16.9:39007,tcp,esbL4
vs_esbapp_39008,pool_esbapp_39008,10.8.16.9:39008,tcp,esbL4
vs_esbapp_39009,pool_esbapp_39009,10.8.16.9:39009,tcp,esbL4
vs_esbapp_39010,pool_esbapp_39010,10.8.16.9:39010,tcp,esbL4
vs_esbapp_39011,pool_esbapp_39011,10.8.16.9:39011,tcp,esbL4
vs_esbapp_39012,pool_esbapp_39012,10.8.16.9:39012,tcp,esbL4
vs_esbapp_39013,pool_esbapp_39013,10.8.16.9:39013,tcp,esbL4
vs_esbapp_39014,pool_esbapp_39014,10.8.16.9:39014,tcp,esbL4
vs_esbapp_39015,pool_esbapp_39015,10.8.16.9:39015,tcp,esbL4
vs_esbapp_39016,pool_esbapp_39016,10.8.16.9:39016,tcp,esbL4
vs_esbapp_39017,pool_esbapp_39017,10.8.16.9:39017,tcp,esbL4
vs_esbapp_39018,pool_esbapp_39018,10.8.16.9:39018,tcp,esbL4
vs_esbapp_39019,pool_esbapp_39019,10.8.16.9:39019,tcp,esbL4
vs_esbapp_39020,pool_esbapp_39020,10.8.16.9:39020,tcp,esbL4
vs_esbapp_39021,pool_esbapp_39021,10.8.16.9:39021,tcp,esbL4
vs_esbapp_39022,pool_esbapp_39022,10.8.16.9:39022,tcp,esbL4
vs_esbapp_39023,pool_esbapp_39023,10.8.16.9:39023,tcp,esbL4
vs_esbapp_39024,pool_esbapp_39024,10.8.16.9:39024,tcp,esbL4
vs_esbapp_39025,pool_esbapp_39025,10.8.16.9:39025,tcp,esbL4
vs_esbapp_39026,pool_esbapp_39026,10.8.16.9:39026,tcp,esbL4
vs_esbapp_39027,pool_esbapp_39027,10.8.16.9:39027,tcp,esbL4
vs_esbapp_39028,pool_esbapp_39028,10.8.16.9:39028,tcp,esbL4
vs_esbapp_39029,pool_esbapp_39029,10.8.16.9:39029,tcp,esbL4
vs_esbapp_39030,pool_esbapp_39030,10.8.16.9:39030,tcp,esbL4
vs_esbapp_39031,pool_esbapp_39031,10.8.16.9:39031,tcp,esbL4
vs_esbapp_39032,pool_esbapp_39032,10.8.16.9:39032,tcp,esbL4
vs_esbapp_39033,pool_esbapp_39033,10.8.16.9:39033,tcp,esbL4
vs_esbapp_39034,pool_esbapp_39034,10.8.16.9:39034,tcp,esbL4
vs_esbapp_39035,pool_esbapp_39035,10.8.16.9:39035,tcp,esbL4
vs_esbapp_39036,pool_esbapp_39036,10.8.16.9:39036,tcp,esbL4
vs_esbapp_39037,pool_esbapp_39037,10.8.16.9:39037,tcp,esbL4
vs_esbapp_39038,pool_esbapp_39038,10.8.16.9:39038,tcp,esbL4
vs_esbapp_39039,pool_esbapp_39039,10.8.16.9:39039,tcp,esbL4
vs_esbapp_39040,pool_esbapp_39040,10.8.16.9:39040,tcp,esbL4
vs_esbapp_39041,pool_esbapp_39041,10.8.16.9:39041,tcp,esbL4
vs_esbapp_39042,pool_esbapp_39042,10.8.16.9:39042,tcp,esbL4
vs_esbapp_39043,pool_esbapp_39043,10.8.16.9:39043,tcp,esbL4
vs_esbapp_39044,pool_esbapp_39044,10.8.16.9:39044,tcp,esbL4
vs_esbapp_39045,pool_esbapp_39045,10.8.16.9:39045,tcp,esbL4
vs_esbapp_39046,pool_esbapp_39046,10.8.16.9:39046,tcp,esbL4
vs_esbapp_39047,pool_esbapp_39047,10.8.16.9:39047,tcp,esbL4
vs_esbapp_39048,pool_esbapp_39048,10.8.16.9:39048,tcp,esbL4
vs_esbapp_39049,pool_esbapp_39049,10.8.16.9:39049,tcp,esbL4
vs_esbapp_39050,pool_esbapp_39050,10.8.16.9:39050,tcp,esbL4
vs_esbapp_39051,pool_esbapp_39051,10.8.16.9:39051,tcp,fast_esb
vs_esbapp_39052,pool_esbapp_39052,10.8.16.9:39052,tcp,esbL4
vs_esbapp_39053,pool_esbapp_39053,10.8.16.9:39053,tcp,esbL4
vs_esbapp_39054,pool_esbapp_39054,10.8.16.9:39054,tcp,esbL4
vs_esbapp_39055,pool_esbapp_39055,10.8.16.9:39055,tcp,esbL4
vs_esbapp_39056,pool_esbapp_39056,10.8.16.9:39056,tcp,esbL4
vs_esbapp_39057,pool_esbapp_39057,10.8.16.9:39057,tcp,esbL4
vs_esbapp_39058,pool_esbapp_39058,10.8.16.9:39058,tcp,esbL4
vs_esbapp_39059,pool_esbapp_39059,10.8.16.9:39059,tcp,esbL4
vs_esbapp_39060,pool_esbapp_39060,10.8.16.9:39060,tcp,esbL4
vs_esbapp_39061,pool_esbapp_39061,10.8.16.9:39061,tcp,esbL4
vs_esbapp_39062,pool_esbapp_39062,10.8.16.9:39062,tcp,esbL4
vs_esbapp_39063,pool_esbapp_39063,10.8.16.9:39063,tcp,esbL4
vs_esbapp_39064,pool_esbapp_39064,10.8.16.9:39064,tcp,esbL4
vs_esbapp_39065,pool_esbapp_39065,10.8.16.9:39065,tcp,esbL4
vs_esbapp_39066,pool_esbapp_39066,10.8.16.9:39066,tcp,esbL4
vs_esbapp_39067,pool_esbapp_39067,10.8.16.9:39067,tcp,esbL4
vs_esbapp_39068,pool_esbapp_39068,10.8.16.9:39068,tcp,esbL4
vs_esbapp_39069,pool_esbapp_39069,10.8.16.9:39069,tcp,esbL4
vs_esbapp_39070,pool_esbapp_39070,10.8.16.9:39070,tcp,esbL4
vs_esbapp_39071,pool_esbapp_39071,10.8.16.9:39071,tcp,esbL4
vs_esbapp_39072,pool_esbapp_39072,10.8.16.9:39072,tcp,esbL4
vs_esbapp_39073,pool_esbapp_39073,10.8.16.9:39073,tcp,esbL4
vs_esbapp_39074,pool_esbapp_39074,10.8.16.9:39074,tcp,esbL4
vs_esbapp_39075,pool_esbapp_39075,10.8.16.9:39075,tcp,esbL4
vs_esbapp_39076,pool_esbapp_39076,10.8.16.9:39076,tcp,esbL4
vs_esbapp_39077,pool_esbapp_39077,10.8.16.9:39077,tcp,esbL4
vs_esbapp_39078,pool_esbapp_39078,10.8.16.9:39078,tcp,esbL4
vs_esbapp_39079,pool_esbapp_39079,10.8.16.9:39079,tcp,esbL4
vs_esbapp_39080,pool_esbapp_39080,10.8.16.9:39080,tcp,esbL4
vs_esbapp_39081,pool_esbapp_39081,10.8.16.9:39081,tcp,esbL4
vs_esbapp_39082,pool_esbapp_39082,10.8.16.9:39082,tcp,esbL4
vs_esbapp_39083,pool_esbapp_39083,10.8.16.9:39083,tcp,esbL4
vs_esbapp_39084,pool_esbapp_39084,10.8.16.9:39084,tcp,esbL4
vs_esbapp_39085,pool_esbapp_39085,10.8.16.9:39085,tcp,esbL4
vs_esbapp_39086,pool_esbapp_39086,10.8.16.9:39086,tcp,esbL4
vs_esbapp_39087,pool_esbapp_39087,10.8.16.9:39087,tcp,esbL4
vs_esbapp_39088,pool_esbapp_39088,10.8.16.9:39088,tcp,esbL4
vs_esbapp_39089,pool_esbapp_39089,10.8.16.9:39089,tcp,esbL4
vs_esbapp_39090,pool_esbapp_39090,10.8.16.9:39090,tcp,esbL4
vs_esbapp_39091,pool_esbapp_39091,10.8.16.9:39091,tcp,esbL4
vs_esbapp_39092,pool_esbapp_39092,10.8.16.9:39092,tcp,esbL4
vs_esbapp_39093,pool_esbapp_39093,10.8.16.9:39093,tcp,esbL4
vs_esbapp_39094,pool_esbapp_39094,10.8.16.9:39094,tcp,esbL4
vs_esbapp_39095,pool_esbapp_39095,10.8.16.9:39095,tcp,esbL4
vs_esbapp_39096,pool_esbapp_39096,10.8.16.9:39096,tcp,esbL4
vs_esbapp_39097,pool_esbapp_39097,10.8.16.9:39097,tcp,esbL4
vs_esbapp_39098,pool_esbapp_39098,10.8.16.9:39098,tcp,esbL4
vs_esbapp_39099,pool_esbapp_39099,10.8.16.9:39099,tcp,esbL4
vs_esbapp_39100,pool_esbapp_39100,10.8.16.9:39100,tcp,esbL4
vs_esbapp_route_out,pool_esbapp_route_out,any:any,tcp,fast_esb
vs_esbfs_40001,pool_esbfs_40001,10.8.17.7:40001,tcp,fast_esb
vs_esbfs_route_out,pool_esbfs_route_out,any:any,tcp,fast_esb
vs_esbnfs_5001,pool_esbnfs_5001,10.8.17.8:commplex-link,tcp,fast_esb
vs_otpapp_9080,pool_lingpai_app_9080,10.8.17.13:glrpc,tcp,fastL4
